OP,TG,SV,IP
102OP118,102TG118,102SVCMN,102IPCMN
102OP148,102TG148,128SVCMN,128IPCMN
102OP199,102TG199,128SV9T,128IP9T
102OP246,102TG246,142SVCMN,142IPCMN
102OP291,102TG291,162SVCMN,162IPCMN
102OP352,102TG352,,
102OP47,102TG47,,
128OP11,128TG11,,
128OP138,128TG138,,
128OP182,128TG182,,
128OP207,128TG207,,
128OP227,128TG227,,
128OP276,128TG276,,
128OP344,128TG344,,
128OP415,128TG415,,
128OP476,128TG476,,
128OP516,128TG516,,
128OP667,128TG667,,
142OP118,142TG118,,
142OP141,142TG141,,
142OP185,142TG185,,
142OP238,142TG238,,
142OP282,142TG282,,
142OP363,142TG363,,
142OP452,142TG452,,
162OP11,162TG11,,
162OP142,162TG142,,
162OP189,162TG189,,
162OP227,162TG227,,
162OP259,162TG259,,
162OP322,162TG322,,
162OP456,162TG456,,